lunch,1744
dinner,1550
salad,1303
fries,1000
soup,950
sushi,837
pizza,800
coffee,767
brunch,726
fish,694
beer,674
noodles,630
burger,609
fanta,597
bowl,594
absolut,544
sandwich,512
wine,510
salmon,501
shrimp,494
water,492
tea,460
steak,446
curry,443
tacos,411
pasta,407
ramen,395
burgers,366
rolls,364
sandwiches,344
ice cream,343
roll,334
fried chicken,328
noodle,318
pho,248
cake,245
pad thai,244
chips,239
tuna,236
lobster,228
wings,213
burrito,204
bun,203
treat,194
kimchi,193
oysters,174
spring rolls,174
cocktail,173
crisp,173
tempura,172
milk,169
pop,164
ribs,163
fried rice,156
gravy,152
crab,151
salsa,150
pancakes,150
dip,149
coleslaw,145
cheesecake,144
tapas,144
taco,142
guacamole,141
dim sum,141
latte,139
pulled pork,137
brisket,134
miso soup,133
roti,131
green tea,129
butter chicken,126
nachos,123
toast,121
jerk chicken,120
espresso,120
tomato sauce,116
matcha,115
pie,113
chili,113
naan,113
mussels,112
shot,109
scallops,109
tiramisu,106
waffles,104
skewers,104
gelato,103
shawarma,102
tart,101
buns,100
gnocchi,99
pancake,97
slaw,96
green curry,95
fish and chips,93
burritos,91
juice,91
french toast,91
risotto,90
bibimbap,88
onion rings,88
sake,87
pita,87
smoked salmon,85
ceviche,85
chicken wings,85
bulgogi,84
jam,82
scallop,82
mac and cheese,81
ravioli,81
cheeseburger,80
crepes,79
melt,77
home fries,77
sangria,75
eggs benedict,75
curries,74
cod,73
banh mi,73
falafel,73
chicken sandwich,73
hummus,72
chilli,70
stew,69
bubble tea,68
pesto,68
steaks,68
brownie,68
shrimps,68
custard,67
dipping sauce,67
cookies,66
beef brisket,64
omelette,63
charcuterie,63
spaghetti,61
fish tacos,61
grilled cheese,61
caesar salad,60
nutella,59
iced tea,59
mashed potatoes,57
french fries,56
meatballs,56
halibut,56
cream sauce,56
lattes,55
pudding,55
takoyaki,54
yogurt,53
cappuccino,53
sweet potato fries,53
duck confit,52
souvlaki,51
donuts,51
mash,51
satay,51
cookie,50
creme brulee,50
spring roll,49
smoothie,49
margarita,49
oyster,49
clams,48
sub,48
bruschetta,47
potato salad,47
mousse,46
fried egg,45
vodka,45
caramelized onions,45
churros,45
chicken and waffles,44
bourbon,44
punch,43
hot chocolate,42
izze,42
sliders,42
hash,41
schnitzel,41
trout,41
coke,41
bbq sauce,40
tequila,40
fritters,40
grilled chicken,39
curry sauce,39
mackerel,38
white wine,38
soda,38
crumble,38
cornbread,38
baguette,37
red wine,37
panini,37
muffin,37
short ribs,37
rice noodles,37
jelly,37
gyros,36
lasagna,36
mochi,36
liquor,35
kebab,35
french onion soup,35
whiskey,34
peanut butter,34
biryani,34
cider,34
hamburger,34
carbonara,34
gin,33
wontons,33
scrambled eggs,33
meatball,33
scones,33
tarts,32
brioche,32
tonkatsu,32
chocolate cake,32
lemonade,32
poached eggs,32
shake,31
paella,31
margherita pizza,31
peanut sauce,31
fish taco,31
sorbet,31
linguine,31
popcorn,30
chow mein,30
martini,30
rice dish,30
beet salad,30
fried fish,30
black cod,30
donut,29
panna cotta,29
greek salad,29
dog,29
vanilla ice cream,29
quesadilla,29
booze,29
haddock,29
mojito,29
veggie burger,28
prawn,28
fried noodles,28
glass noodles,28
sirloin,28
milkshake,28
tom yum,28
flatbread,28
prime rib,28
bread pudding,28
smoothies,28
ragu,27
pate,27
stuffing,27
chicken curry,27
beef ribs,27
lobster roll,27
chicken teriyaki,27
poached egg,26
hot and sour soup,26
quiche,26
popcorn chicken,26
sushi rolls,26
stir fry,26
focaccia,26
roast beef,26
big mac,26
wonton,25
garlic bread,25
pulled pork sandwich,25
pork chop,25
pasta dish,25
peking duck,25
crab cakes,25
ale,25
mac n cheese,24
hollandaise,24
pork shoulder,24
lager,24
bbq chicken,24
icecream,23
turnover,23
cupcakes,23
empanadas,23
hero,23
chicken fingers,23
lettuce wraps,23
pot pie,23
parfait,23
crab meat,23
perogies,23
orange juice,23
milkshakes,22
beef short ribs,22
striploin,22
chutney,22
crostini,22
sea bass,22
tandoori chicken,22
baguettes,22
meatloaf,22
ipa,22
shells,21
earl grey,21
bisque,21
sea bream,21
benedict,21
scotch,21
naan bread,21
breakfast sandwich,21
cheese cake,21
rub,21
rapini,21
lentil soup,21
mashed potato,21
club sandwich,21
corn bread,21
macarons,20
penne,20
bolognese,20
rum,20
samosa,20
kabob,20
prawns,20
mushroom soup,20
champagne,19
pappardelle,19
chicken burger,19
carrot cake,19
pork ribs,19
homefries,19
fried calamari,19
sticky toffee pudding,19
biscuits,19
pork buns,19
steak sandwich,19
wonton soup,19
rigatoni,18
lassi,18
fried cauliflower,18
lentils,18
churro,18
hot dog,18
pakora,18
ramen noodles,18
tzatziki,18
hollandaise sauce,18
chai,18
muffins,18
red sauce,18
blt,17
fried tofu,17
lobsters,17
tilapia,17
quesadillas,17
chocolate sauce,17
slush,17
cheese sauce,17
cabbage rolls,17
huevos rancheros,17
frank,17
hot dogs,17
white fish,17
run down,17
ice tea,17
egg noodles,16
grilled salmon,16
enchiladas,16
rice and beans,16
marinade,16
mocha,16
chicken tikka,16
flat bread,16
albacore tuna,16
lentil,16
5 hour,16
fried shrimp,16
breeze,16
tiger shrimp,16
reduction,16
doughnuts,16
crab legs,15
tuna roll,15
chocolate mousse,15
roasted chicken,15
cheesecakes,15
pillows,15
cobb salad,15
mahi mahi,15
matcha latte,15
teriyaki sauce,15
hash browns,15
pork tenderloin,15
po boy,15
gyro,15
pita bread,15
baklava,15
cooler,14
apple pie,14
yakitori,14
clam chowder,14
japchae,14
spirits,14
sundae,14
flank steak,14
scone,14
chai latte,14
cole slaw,14
black bean sauce,14
roasted potatoes,14
omelet,14
ribeye,14
chicken tikka masala,14
sweet and sour chicken,14
california rolls,14
marmalade,14
brownies,14
jambalaya,14
agnolotti,14
tempura shrimp,13
caprese salad,13
apple cider,13
meat balls,13
potato wedges,13
massaman curry,13
vindaloo,13
omelettes,13
pide,13
brandy,13
chicken fried rice,13
burrito bowl,13
pinot noir,13
fettuccine,12
coffee beans,12
white tuna,12
cheese burger,12
sardines,12
prosecco,12
tostada,12
kombucha,12
baked beans,12
sushi roll,12
stout,12
tater tots,12
guinness,12
pops,12
subs,12
flat white,12
compote,12
cannoli,12
chicken wrap,12
reuben,12
shakshuka,12
white bread,11
bass,11
amaretto,11
empanada,11
taquitos,11
sole,11
tomato soup,11
pizza crust,11
smoked chicken,11
torte,11
fajitas,11
biscotti,11
mate,11
chowder,11
kabobs,11
tagliatelle,11
chicken salad,11
shredded pork,11
onion soup,11
scotch egg,11
branzino,11
lettuce wrap,11
iced coffee,11
tamales,11
mussel,10
udon noodles,10
macaron,10
dogs,10
fudge,10
souffle,10
ahi tuna,10
rice pudding,10
noodle bowl,10
sparkling water,10
latkes,10
white pizza,10
rye bread,10
fish cake,10
malbec,10
honey butter,10
roll cake,10
breakfast sandwiches,10
bison burger,10
tsukemen,10
s'mores,10
breakfast burrito,10
dal,10
marinara sauce,10
sweet and sour pork,10
red snapper,10
fried pickles,10
pinot grigio,10
wafer,10
anchovies,10
collard greens,10
hotdog,10
cupcake,10
fish cakes,10
cashew chicken,9
coconut shrimp,9
fresh pasta,9
tonic,9
roasted cauliflower,9
wheat beer,9
shooter,9
pork bun,9
oreo,9
sponge cake,9
hoisin sauce,9
fried squid,9
antipasto,9
lemon tart,9
kabab,9
boba,9
refried beans,9
shepherd's pie,9
soba noodles,9
korma,9
braised lamb shank,9
macaroons,9
roast chicken,9
appetizer platter,9
cucumber salad,9
chocolate chip cookie,9
grilled cheese sandwich,9
whisky,9
doughnut,9
beef bulgogi,9
lobster tail,9
scramble,9
caprese,9
rainbow trout,9
fried eggs,9
pavlova,9
pale ale,9
thai curry,9
macchiato,9
avocado roll,9
tostadas,9
chimichurri,9
jumbo shrimp,9
labneh,9
yoghurt,9
pork chops,8
float,8
beef stew,8
pitas,8
brioche bun,8
sobe,8
candied pecans,8
chicken tenders,8
mango sorbet,8
chocolate ice cream,8
pico de gallo,8
calzone,8
baja fish tacos,8
cava,8
avocado rolls,8
ponzu sauce,8
rotisserie chicken,8
turkey burger,8
chianti,8
yakisoba,8
pierogies,8
black tea,8
deep dish pizza,8
nuggets,8
fritter,8
buffalo wings,8
banana bread,8
sirloin steak,8
negroni,8
sherry,8
apple cake,8
ice water,8
catfish,8
double cheeseburger,8
strawberry cheesecake,8
lobster meat,8
brown sauce,8
fried garlic,8
salsa verde,8
crawfish,8
chicken noodle soup,8
cinnamon bun,7
fajita,7
veggie wrap,7
croque monsieur,7
chai tea latte,7
philly cheese steak,7
tabbouleh,7
cavatelli,7
chocolate croissant,7
brittle,7
key lime pie,7
buffalo sauce,7
bean salad,7
trifle,7
sparkling wine,7
hashbrowns,7
macaroni,7
porter,7
grits,7
braised short ribs,7
orecchiette,7
raita,7
saffron rice,7
cappucino,7
steamed buns,7
baby back ribs,7
egg salad,7
lox,7
challah,7
fried potatoes,7
instant noodles,7
palak paneer,7
tuna salad,7
meat pies,7
puff pastry,7
ice cream sandwiches,7
baja fish taco,7
pork fried rice,7
angel hair pasta,7
skirt steak,7
corn on the cob,7
steamed bun,7
grapefruit juice,7
crabmeat,7
sprite,7
roasted beets,7
deviled eggs,7
sweet and sour sauce,6
kefir,6
ice cream sandwich,6
oatmeal,6
strudel,6
fettucine,6
ginger beer,6
shrimp cocktail,6
coconut cream pie,6
vegetable soup,6
pesto sauce,6
flan,6
ginger ale,6
pierogi,6
flourless chocolate cake,6
rib eye,6
bellini,6
chicken parm,6
monkfish,6
potato hash,6
lava cake,6
gratin,6
chocolate chip cookies,6
alfredo sauce,6
pineapple juice,6
shrimp roll,6
battered fish,6
coconut rice,6
soft drink,6
rock shrimp,6
cafe au lait,6
fettuccini,6
riesling,6
sourdough bread,6
campari,6
milk shake,6
pecan pie,6
bbq ribs,6
spinach dip,6
enchilada,6
daiquiri,6
rundown,6
garlic toast,6
brewed coffee,6
cream cheese icing,6
frozen yogurt,6
strip loin,6
roast potatoes,6
pilsner,6
chimichanga,6
beef and broccoli,6
pepsi,6
egg rolls,5
pizza pie,5
greek yogurt,5
whole fish,5
basil pesto,5
baked potato,5
apple butter,5
anchovy,5
fried green tomatoes,5
frittata,5
shortbread,5
banana split,5
froyo,5
eggplant parmesan,5
cola,5
roasted beet salad,5
potstickers,5
franks,5
frosty,5
chardonnay,5
preserves,5
granola,5
pasta salad,5
sardine,5
veggie platter,5
vermouth,5
tamale,5
chocolate cheesecake,5
artichoke dip,5
grilled cheese sandwiches,5
hoisin,5
root beer,5
macaroni and cheese,5
chili cheese fries,5
green chicken curry,5
korean pancake,5
casserole,5
spare ribs,5
strawberry shortcake,5
strong coffee,5
yellowfin tuna,5
honey o,5
ratatouille,5
yorkshire pudding,5
phyllo pastry,5
linguini,5
coca cola,5
drunken noodles,5
chicken wing,5
fusilli,5
english muffin,5
fish n chips,5
philly cheesesteak,5
pumpernickel,5
spaghettini,5
breadsticks,5
iced latte,5
paratha,5
torta,5
mocktail,5
beans and rice,5
tzatziki sauce,5
hot drink,4
pimento cheese,4
pasta sauce,4
pink lemonade,4
kung pao chicken,4
chicken nuggets,4
spice mix,4
blizzards,4
grilled pineapple,4
chai tea,4
marsala,4
grilled shrimp,4
creamed spinach,4
pasty,4
gumbo,4
seafood salad,4
blue moon,4
tabouleh,4
gazpacho,4
fish sandwich,4
rogan josh,4
tuna steak,4
hamburgers,4
cereal,4
kale chips,4
party tray,4
merlot,4
mezcal,4
raspberry jam,4
cabernet sauvignon,4
whitefish,4
diet coke,4
kababs,4
yogurt drink,4
port,4
smoked trout,4
grouper,4
bbq wings,4
dried shrimp,4
meat pie,4
tzaziki,4
chocolate pudding,4
borscht,4
rib eye steak,4
burger bun,4
slushy,4
pina colada,4
collards,4
cheeseburgers,4
stuffed mushrooms,4
fruit salad,4
grand marnier,4
french baguette,4
chicken parmesan,4
ramyun,4
calzones,4
pulao,4
cheese spread,4
macaroni salad,4
caramelized onion,4
black tiger shrimp,4
limoncello,4
sablefish,4
dungeness crab,4
korean pancakes,4
flat iron steak,4
cassoulet,4
roasted vegetables,4
blt sandwich,4
english muffins,4
decaf coffee,4
eggs florentine,4
spaghetti carbonara,4
tapenade,4
spaghetti and meatballs,4
lasagne,4
mozzarella sticks,4
ice coffee,4
salad sandwich,4
smoked fish,4
cheese dip,4
tuna melt,4
onion tart,4
lentil salad,4
pierogis,4
michelada,4
salmon fillet,4
olive tapenade,4
cognac,4
seabass,4
sausage roll,4
watermelon salad,4
french dip,4
omlette,4
teriyaki chicken,4
earl grey tea,4
chicken cordon bleu,4
french bread,3
frappucino,3
bock,3
meat ball,3
popcorn shrimp,3
matcha powder,3
spaghetti bolognese,3
roasted carrots,3
goulash,3
barbecue chicken,3
cranberry juice,3
stuffed pasta,3
sea scallops,3
spice blend,3
baba ganoush,3
squid ink pasta,3
coconut water,3
scotch eggs,3
minestrone,3
barbeque sauce,3
nectar,3
raviolis,3
chimichangas,3
banana cake,3
swordfish,3
egg sandwich,3
chicken caesar salad,3
top sirloin steak,3
nicoise salad,3
bloody mary,3
madeleine,3
turtle cheesecake,3
crabcakes,3
brioche buns,3
waffle fries,3
peanut chicken,3
tartine,3
taco salad,3
shortbread cookie,3
jack daniels,3
antipasti,3
roasted nuts,3
potato skins,3
summer rolls,3
chocolate malt,3
breakfast cookie,3
soda water,3
phyllo dough,3
cheese bread,3
tofu scramble,3
yogurt parfait,3
pickled beets,3
rigatoni pasta,3
stirfry,3
osso buco,3
pound cake,3
kahlua,3
baileys,3
carne asada,3
pot pies,3
parpadelle,3
ice cream bar,3
madeira,3
potato pancake,3
snapper,3
ciabatta bun,3
shish kebab,3
tomato chutney,3
stir fries,3
chickpea salad,3
apple fritter,3
shish kabob,3
mini burgers,3
pulled chicken sandwich,3
roll up,3
cobbler,3
herring,3
won tons,3
chicken alfredo,3
matcha tea,3
spanakopita,3
grilled bread,3
club soda,3
tarte tatin,3
strongbow,3
reuben sandwich,3
papardelle,3
shellfish,3
pillow,3
boquerones,3
hush puppies,3
surf and turf,3
liqueur,3
biscuits and gravy,3
lillet blanc,3
mexican rice,3
hawaiian pizza,3
barbecue sauce,3
cabbage roll,3
bark,3
ossobuco,3
chicken pie,3
turbot,3
baked potatoes,3
potato gnocchi,3
au jus,3
multi grain bread,3
salmon salad,3
vegetable wrap,3
cornflakes,3
frozen fries,3
cannelloni,3
mint chutney,3
summer breeze,3
fried pickle,3
cavatelli pasta,3
alcoholic drink,3
halva,3
spaghetti dish,3
cinnamon rolls,3
rice vermicelli,3
crab dip,3
kedgeree,3
chocolate fondue,3
vegetable fried rice,3
rib tips,3
roasted chestnuts,3
strawberry jam,3
cajun spice,3
meatball soup,2
granita,2
garlic knots,2
sugar cookies,2
cinnamon buns,2
coconut cake,2
root beer float,2
skim milk,2
migas,2
multigrain bread,2
baby potatoes,2
pie crust,2
bucatini,2
skate,2
shortcake,2
cooked noodles,2
mistic,2
peach schnapps,2
cooked pasta,2
pasta carbonara,2
cheese pie,2
flounder,2
battered cauliflower,2
cookie crust,2
sandwich bun,2
bean burger,2
chow mein noodles,2
fishcakes,2
cauliflower soup,2
orange marmalade,2
pot roast,2
sundried tomato pesto,2
vegetable stew,2
new york cheesecake,2
po-boy,2
boneless short ribs,2
chilean sea bass,2
chicken bites,2
chicken curries,2
roast lamb,2
whole wheat spaghetti,2
mini burger,2
broccoli salad,2
grape juice,2
roasted asparagus,2
potato pancakes,2
gingerbread,2
sheep milk,2
candied walnuts,2
almond butter,2
porridge,2
baked apple,2
cheese ball,2
orange chicken,2
rice pilaf,2
all sport,2
dry white wine,2
roasted butternut squash,2
lambrusco,2
dirty rice,2
challah toast,2
shock top,2
whole wheat bread,2
wing sauce,2
flatbread pizza,2
salmon burger,2
homemade ice cream,2
spaetzle,2
ice cream creations,2
whole lobster,2
southern comfort,2
strawberry jelly,2
teriyaki salmon,2
ciabatta bread,2
sloppy joes,2
egg muffin,2
infused water,2
shiraz,2
kaiser roll,2
filtered water,2
breakfast pizza,2
eel roll,2
quencher,2
stuffed grape leaves,2
french lentils,2
red velvet cake,2
red velvet cupcake,2
potato bun,2
lemon meringue pie,2
moussaka,2
minestrone soup,2
vegetable juice,2
long island iced tea,2
cheese ravioli,2
challah bread,2
vodka sauce,2
consomme,2
grappa,2
rye beer,2
cauliflower puree,2
yellow noodles,2
breakfast wrap,2
risoni,2
pizza sauce,2
gingerale,2
limeade,2
gravlax,2
pike,2
spinach pie,2
spiral pasta,2
fried green tomato,2
angel hair,2
chicken 65,2
sancerre,2
seabream,2
roulade,2
red tea,2
asian buns,2
bagel sandwiches,2
thai beef salad,2
rustic bread,2
tortilla soup,2
chicken seasoning,2
scallion pancakes,2
viognier,2
oreos,2
fortune cookies,2
ginger cookie,2
won ton,2
green salsa,2
petit fours,2
orange sherbet,2
roasted turkey,2
fettuccine alfredo,2
barbecued ribs,2
rice wine,2
cashew butter,2
thai green curry,2
beurre blanc,2
bagel sandwich,2
succotash,2
cream corn,2
coulibiac,2
cocktail sauce,2
egg pasta,2
hamburger bun,2
chicken gravy,2
pocky,2
new potatoes,2
hot dog bun,2
mango chutney,2
coconut juice,2
za'atar,2
jjigae,2
garlic confit,2
bordeaux,2
pomegranate juice,2
cheesy bread,2
pepper jam,2
katsu sauce,2
cod fish,2
whole wheat buns,2
pizza margherita,2
pimm's cup,2
fried mushrooms,2
egg roll,2
loose leaf tea,2
whole wheat bun,2
white chocolate liqueur,2
beef steak,2
sandwich bread,2
fried zucchini,2
corned beef hash,2
agua fresca,2
beef bourguignon,2
country bread,2
hot beverage,2
egg drop soup,2
meat ravioli,2
corn dogs,2
jumbo prawns,2
fried okra,2
soda bread,2
portobello mushroom burger,2
cereal milk,2
lo mein,2
shortbread cookies,2
chicken strips,2
slushie,2
candied almonds,2
potpie,2
amaretti,2
crab salad,2
kim chee,2
tomato juice,2
pasta select,2
french fried potatoes,2
twice baked potatoes,2
flatiron steak,2
sour dough bread,2
rugelach,2
blintzes,2
green smoothies,2
fettucini,2
hummus dip,2
bouillabaisse,2
sesame chicken,2
ribeye steak,2
strip steak,2
oat flakes,2
mixed drink,2
raisin bread,2
baked egg,2
strawberry icecream,2
pastis,2
chablis,2
caramel apple,2
potatoes au gratin,2
coffee beverage,2
spanish mackerel,2
quarter pounder,2
unibroue,2
bailey's,2
ginger biscuits,2
pigeon pie,2
chapati,2
strawberry milk,2
blueberry jam,2
tzatziki dip,1
flat-iron steak,1
sausage gravy,1
chartreuse,1
whole wheat pita,1
seltzer water,1
plain yogurt,1
stuffed peppers,1
burger buns,1
lady fingers,1
cod filet,1
blackberry jam,1
sandwich cookies,1
paprikash,1
scrambler,1
sea scallop,1
clafouti,1
sliced bread,1
eggplant parmigiana,1
snickerdoodle,1
pita sandwiches,1
corn dog,1
fusili,1
ranch wrap,1
beef chili,1
breakfast bowl,1
scalloped potatoes,1
tomatillo salsa,1
hushpuppies,1
cajun seasoning,1
blts,1
bagel breakfast sandwich,1
cosmopolitan,1
rye whiskey,1
oatmeal stout,1
cows milk,1
cookie butter,1
sherbet,1
grilled sausage,1
red bordeaux,1
shepards pie,1
chimichurri sauce,1
chicken parmigiana,1
green coffee,1
bean balls,1
aglianico wine,1
pop corn,1
vegemite,1
buttermilk biscuits,1
cranberry sauce,1
rockstar,1
blizzard,1
smashed potatoes,1
stout beer,1
pimms cup,1
steak wrap,1
primitivo,1
tortelloni,1
semifreddo,1
soda pop,1
grilled asparagus,1
buffalo wing sauce,1
bairrada,1
spaghetti noodles,1
cold brew coffee,1
char siu bao,1
spaghetti sauce,1
sparkling rose,1
creme caramel,1
chocolate milk,1
stirfrys,1
canned tuna,1
calamarata,1
molten chocolate cake,1
key lime cheesecake,1
oatmeal cookie,1
wheat ale,1
manila clams,1
mai tai,1
beef ravioli,1
moscato,1
stuffed vine leaves,1
french stick,1
vanilla yogurt,1
pork spare ribs,1
citrus salad,1
chicken and dumplings,1
brown gravy,1
potato cake,1
clafoutis,1
corn grits,1
lemon cookies,1
turkey chili,1
buffalo burger,1
wafers,1
korean bbq sauce,1
pizza bites,1
grilled zucchini,1
light beer,1
white zinfandel,1
breakfast coffee,1
chinese chicken salad,1
captain crunch,1
sweet potato salad,1
prime rib roast,1
schnapps,1
dungeness crabs,1
antipasto salad,1
chilean seabass,1
cornish pasty,1
po' boy,1
kale crisps,1
syrah,1
hamburger soup,1
appetizer sampler,1
steak sandwiches,1
shepherds pie,1
buffalo short ribs,1
white tea,1
kebap,1
bread sticks,1
frappe,1
capellini,1
chilled soup,1
pilaf,1
frankfurter,1
multi-grain bread,1
blue cheese dressing,1
jumbo pasta shells,1
sun dried tomato pesto,1
pork gravy,1
green tea bag,1
chocolate cookies,1
lamb shanks,1
french dip sandwich,1
summer roll,1
chess pie,1
spiced pecans,1
stir fried chicken,1
fishcake,1
omlettes,1
fig preserves,1
tapioca pudding,1
cheese garlic bread,1
zucchini fritter,1
apple fritters,1
tempranillo wine,1
pita breads,1
jelly doughnut,1
cheddar burger,1
montepulciano,1
fish sandwiches,1
sub sandwiches,1
absinthe,1
italian loaf,1
roasted broccoli,1
spaghetti with meatballs,1
apricot juice,1
guava juice,1
hazelnut butter,1
buffalo wing,1
hamburger buns,1
creamed corn,1
candied peanuts,1
boneless chicken chunks,1
chicken and gravy,1
salt cod,1
philly cheesesteak sandwich,1
gateau,1
curly fries,1
beef hot dog,1
snow cone,1
cheese stuffed dates,1
oreo cookie,1
cat fish,1
prawn cocktail,1
boneless beef short ribs,1
piri piri chicken,1
fruit juice,1
bean chili,1
muesli,1
hot dog roll,1
tea bags,1
babka,1
romesco,1
st germain,1
fruit wine,1
panino,1
dark rye bread,1
broccoli slaw,1
pasta and meatballs,1
short bread cookie,1
whole wheat pitas,1
tzaziki sauce,1
pita sandwich,1
fruit platter,1
orecchiette pasta,1
hotdogs,1
breaded shrimp,1
vanilla cupcake,1
clambake,1
meat loaf,1
potato soup,1
white chocolate chip cookies,1
twice baked potato,1
chinese 5 spice powder,1
crayfish,1
coq au vin,1
cream sherry,1
fig jam,1
dinner rolls,1
lump crab,1
toasted cheese,1
corn fritter,1
pappardelle pasta,1
cheese tortellini,1
live lobster,1
rooibos,1
tiger prawn,1
shrimp cake,1
premium ice cream,1
zaatar,1
beef stroganoff,1
spiced rum,1
salmon filet,1
pudding cake,1
marmelade,1
stuffed pepper,1
berbere,1
espresso beans,1
cassis,1
chicken marsala,1
pot stickers,1
chocolate fondant,1
white cake,1
queso dip,1
grenache,1
fresh tuna,1
jap chae,1
iced capp,1
frozen kefir,1
bundt cake,1
slider buns,1
dark beer,1
macaroon,1
beaujolais,1
st ambroise,1
rotini pasta,1
monte cristo sandwich,1
pasta sheets,1
green smoothie,1
bay scallops,1
catfish filet,1
crusty rolls,1
ciabatta,1
smoked haddock,1
three olives,1
hoagie,1
liver and onions,1
curacao,1
rice paper rolls,1
corpse reviver,1
brown ale,1
oatmeal cake,1
single malt,1
icee,1
pepper jelly,1
baked brie,1
bbq chicken wings,1
panettone,1
rye ale,1
mashed sweet potato,1
cappellini,1
new potato,1
hot cocoa,1
buckle,1
shichimi,1
lunch meal,1
cabernet franc,1
toast bread,1
sushi wrap,1
shrimp wrap,1
creme de cassis,1
banana liqueur,1
perch,1
oreo cookies,1
goat milk,1
butterscotch pudding,1
peach nectar,1
furikake,1
lemon pudding,1
rillettes,1
shell pasta,1
yam patties,1
vegetarian baked beans,1
vanilla frosting,1
soave,1
gimlet,1
st. germain,1
latke,1
veggie fries,1
beef back ribs,1
bbq seasoning,1
kebaps,1
sunny side up eggs,1
mackerel fish,1
instant ramen,1
roasted chickpeas,1
butter cake,1
little neck clams,1
pasta meal,1
penne pasta,1
sable,1
india pale ale,1
jerk seasoning,1
samuel adams,1
rotini,1
cacciatore,1
eggdrop soup,1
clam sauce,1
tom yam,1
candied nuts,1
vanilla cake,1
stuffed cabbage,1
souvlakia,1
irish whiskey,1
muscadet,1
kimchi cabbage,1
shrimp and grits,1
rootbeer,1
fro-yo,1
vanilla icecream,1
lb cake,1
bowtie pasta,1
chicken slider,1
croissant sandwich,1
mineral water,1
fish fillets,1
one pot,1
baba ghanoush,1
brewed tea,1
trout fillets,1
cauliflower rice,1
crespelle,1
french kiss,1
green tea latte,1
coffee ice cream,1
pinnacle,1
tortellini,1
frozen margarita,1
tartlet,1
cream of celery soup,1
munchkin,1
flavored water,1
sheep's milk,1
dr. pepper,1
patty melt,1
poptarts,1
blackened cat fish,1
beluga lentils,1
snack wrap,1
slider,1
broccoli coleslaw,1
coffee cakes,1
ginger snaps,1
cauliflower steak,1
banana pudding,1
dundee,1
whole lobsters,1
hard cider,1
corn flakes,1
risotto cake,1
yogurt dip,1
triple sec,1
pastry crust,1
rice paper roll,1
pineapple upside down cake,1
cherry jam,1
ice cream treat,1
slushies,1
breaded mushrooms,1
pizza crusts,1
popped popcorn,1
iced matcha latte,1
smores,1
creme soda,1
beef tenderloin steak,1
devils on horseback,1
honey cake,1
spring water,1
coffee cake,1
cow's milk,1
bud light,1
spareribs,1
jalapeno popper,1
rib-eye steak,1
tiramisu cheesecake,1
pasties,1
dr pepper,1
breaded fish,1
bottled water,1
beef wellington,1
